,Global_active_power,Global_reactive_power,Voltage,Global_intensity,Sub_metering_1,Sub_metering_2,Sub_metering_3
count,2075259.0,2075259.0,2075259.0,2075259.0,2075259.0,2075259.0,2075259.0
mean,1.0861683519984733,0.12332798460336757,240.84160801615593,4.604226364034563,1.1109948204055493,1.2879582741238564,6.416570172686879
std,1.05317212884725,0.11251437988506265,3.23557426388922,4.426775117969094,6.115908381258789,5.786865382610391,8.419505486252596
min,0.076,0.0,223.2,0.2,0.0,0.0,0.0
25%,0.308,0.048,239.0,1.4,0.0,0.0,0.0
50%,0.598,0.1,241.02,2.6,0.0,0.0,1.0
75%,1.524,0.194,242.87,6.4,0.0,1.0,17.0
max,11.122,1.39,254.15,48.4,88.0,80.0,31.0
